"","sub","item","cond","seq","SFIX","EFIX","xPos","yPos","fix_num","fix_dur","sacc_dur","sent","line","word","word_line","char_trial","char_line","regress","wordID","land_pos","sacc_len","blink","prev_blink","after_blink","outOfBnds","outsideText","hasText","time_since_start","max_char_line","Rtn_sweep","Rtn_sweep_type"
"14",1,99,3,1,1502696,1502863,468.3,595.7,14,167,53,1,2,11,2,61,6,0,"to",1,48,0,0,0,0,0,1,3843,38,1,"undersweep"
"35",1,32,2,2,1511668,1511806,295.4,594.2,15,138,63,1,2,15,2,74,7,0,"the",1,59,0,0,0,0,0,1,4899,46,1,"undersweep"
"55",1,40,1,3,1522338,1522506,404,594.8,12,168,57,1,2,13,2,74,9,0,"another",4,50,0,0,0,0,0,1,3419,32,1,"undersweep"
"79",1,22,1,4,1533704,1533844,323.7,606,16,140,58,1,2,18,3,75,8,0,"argue",1,55,0,0,0,0,0,1,4652,36,1,"undersweep"
"98",1,34,1,5,1545744,1545896,482.8,586.1,13,152,56,1,2,14,2,73,7,0,"were",3,52,0,0,0,0,0,1,4226,55,1,"undersweep"
"138",1,92,2,6,1562157,1562295,247.2,594,22,138,65,1,2,13,2,71,4,0,"patient's",0,60,0,0,0,0,0,1,6989,51,1,"undersweep"
"157",1,91,1,7,1570796,1571160,392,598.9,11,364,57,1,2,12,2,56,3,0,"she",0,46,0,0,0,0,0,1,3854,42,1,"accurate"
"176",1,35,2,8,1577968,1578108,423.3,579.6,11,140,53,1,2,11,1,59,5,0,"jumped",5,45,0,0,0,0,0,1,2926,51,1,"undersweep"
"203",1,6,3,9,1590132,1590279,472.9,592.4,16,147,62,1,2,13,2,74,8,0,"she",0,57,0,0,0,0,0,1,4024,53,1,"undersweep"
"223",1,55,1,10,1601439,1601586,320,595.5,11,147,52,1,2,10,3,62,9,0,"playing",1,38,0,0,0,0,0,1,3656,42,1,"undersweep"
"243",1,3,3,11,1609659,1609794,390.8,573.9,14,135,54,1,2,13,2,64,9,0,"festival",3,NA,0,0,0,0,0,1,4060,49,1,"undersweep"
"269",1,96,3,12,1622761,1622961,331.5,623.9,17,200,62,1,2,14,3,73,7,0,"customers",0,58,0,0,0,0,0,1,4254,45,1,"accurate"
"297",1,68,2,13,1631808,1632121,340.9,600.2,17,313,67,NA,2,NA,NA,NA,NA,NA,NA,NA,NA,0,0,0,0,1,1,4751,46,1,"accurate"
"325",1,16,1,14,1642433,1642615,363.1,607.7,15,182,63,1,2,15,2,73,6,0,"probably",2,59,0,0,0,0,0,1,4935,75,1,"undersweep"
"356",1,69,3,15,1656566,1656705,484.1,592.5,19,139,56,1,2,14,2,62,8,0,"he",2,NA,0,0,0,0,0,1,5077,63,1,"undersweep"
"383",1,11,2,16,1666890,1667028,306.8,599.4,14,138,53,1,2,14,2,60,6,0,"if",1,42,0,0,0,0,0,1,4551,34,1,"undersweep"
"401",1,101,2,17,1677459,1677794,258.2,622.1,12,335,56,1,2,9,1,53,1,0,"looking",1,47,0,0,0,0,0,1,3779,51,1,"accurate"
"421",1,54,3,18,1685206,1685738,286.4,614.3,10,532,61,1,2,12,1,71,5,0,"party",5,55,0,0,0,0,0,1,3534,42,1,"accurate"
"439",1,105,3,19,1692478,1692684,260.3,606.4,11,206,58,1,2,9,1,57,3,0,"underneath",3,46,0,0,0,0,0,1,3098,51,1,"accurate"
"470",1,30,3,20,1701991,1702147,454.8,598.9,20,156,61,1,2,14,2,74,7,0,"the",0,NA,0,0,0,0,0,1,4995,40,1,"undersweep"
"494",1,45,3,21,1715494,1715630,403.9,594.6,11,136,53,1,2,11,2,61,7,0,"preparation",4,45,0,0,0,0,0,1,3099,35,1,"undersweep"
"519",1,77,2,22,1724285,1724440,321.1,594.8,16,155,51,2,2,8,1,54,1,0,"because",1,43,0,0,0,0,0,1,4823,47,1,"undersweep"
"550",1,60,3,23,1733730,1733851,411.6,582.2,23,121,60,1,2,15,4,81,15,0,"raise",1,NA,0,0,0,0,0,1,5710,38,1,"undersweep"
"581",1,74,2,24,1744594,1744748,372.1,596.2,21,154,63,1,2,11,1,67,1,0,"a",1,57,0,0,0,0,0,1,6150,54,1,"undersweep"
"608",1,78,3,25,1782299,1782436,460.1,595.8,15,137,57,1,2,15,3,78,11,0,"order",1,NA,0,0,0,0,0,1,3998,65,1,"undersweep"
"630",1,72,3,26,1791342,1791486,363.5,597.9,13,144,62,1,2,12,1,73,8,0,"fluently,",8,NA,0,0,0,0,0,1,3816,87,1,"undersweep"
"677",1,62,2,27,1805628,1805892,280.6,593.6,19,264,66,NA,2,NA,NA,NA,NA,NA,NA,NA,NA,0,0,0,0,1,1,4977,37,1,"accurate"
"697",1,70,1,28,1813684,1813811,370.6,574.2,15,127,60,1,2,13,2,73,8,0,"our",3,54,0,0,0,0,0,1,4917,62,1,"undersweep"
"721",1,51,3,29,1822135,1822469,234.9,594,10,334,57,1,2,12,1,57,2,0,"is",2,48,0,0,0,0,0,1,3077,63,1,"accurate"
"744",1,33,3,30,1830472,1830813,290.8,601.4,11,341,57,1,2,10,1,57,4,0,"pipe",4,46,0,0,0,0,0,1,3447,45,1,"accurate"
"765",1,7,1,31,1841152,1841571,257.5,607.8,13,419,55,1,2,13,2,57,3,0,"small",1,48,0,0,0,0,0,1,3819,40,1,"accurate"
"789",1,86,2,32,1854862,1854969,312.1,621.4,17,107,217,1,2,15,2,71,6,0,"stars",2,50,0,1,0,0,0,1,5255,43,1,"undersweep"
"810",1,103,1,33,1863961,1864098,319.9,594.7,13,137,55,1,2,9,1,60,6,0,"because",6,42,0,0,0,0,0,1,3846,57,1,"undersweep"
"843",1,38,2,34,1873962,1874100,282.7,593.9,16,138,66,1,2,16,1,67,1,0,"to",1,61,0,0,0,0,0,1,3989,49,1,"undersweep"
"865",1,100,1,35,1885039,1885166,287.3,579.6,15,127,67,1,2,13,2,73,7,0,"one",0,56,0,0,0,0,0,1,4300,52,1,"undersweep"
"911",1,58,1,36,1900064,1900209,441.6,597.8,28,145,62,1,2,13,2,70,5,0,"look",0,58,0,0,0,0,0,1,9300,45,1,"undersweep"
"940",1,76,1,37,1911557,1911709,438.8,586.3,20,152,64,1,2,12,2,70,4,0,"the",1,60,0,0,0,0,0,1,7793,36,1,"undersweep"
"959",1,81,3,38,1918230,1918437,355.5,595.2,14,207,56,1,2,11,2,59,5,0,"she",0,45,0,0,0,0,0,1,3233,49,1,"accurate"
"986",1,89,2,39,1926931,1927075,362.1,577,16,144,53,1,2,12,2,58,5,0,"bench",1,46,0,0,0,0,0,1,3860,39,1,"undersweep"
"1010",1,42,3,40,1936182,1936335,344.5,583.3,17,153,62,1,2,14,1,72,7,0,"arrived",7,55,0,0,0,0,0,1,4928,41,1,"undersweep"
"1035",1,28,1,41,1947539,1947673,441.9,583.2,16,134,62,1,2,12,1,70,5,0,"overseas,",5,59,0,0,0,0,0,1,3894,70,1,"undersweep"
"1069",1,17,2,42,1961289,1961450,298.8,609.8,14,161,54,1,2,11,1,56,2,0,"had",2,46,0,0,0,0,0,1,4202,61,1,"undersweep"
"1092",1,41,2,43,1972903,1973041,313.7,585.4,12,138,52,1,2,15,3,63,8,0,"to",0,36,0,0,0,0,0,1,3950,42,1,"undersweep"
"1124",1,47,2,44,1986020,1986244,334.9,589.8,21,224,54,NA,2,NA,NA,NA,NA,NA,NA,NA,NA,0,0,0,0,1,1,5634,44,1,"undersweep"
"1148",1,98,2,45,1994338,1994472,325.2,593.9,17,134,60,1,2,13,1,71,4,0,"playing",4,54,0,0,0,0,0,1,4469,36,1,"undersweep"
"1161",1,80,2,46,1999835,1999861,614.3,602.2,6,26,53,1,2,19,4,96,29,0,"section",7,16,0,0,0,0,0,1,1775,57,1,"undersweep"
"1199",1,14,2,47,2012286,2012406,343.9,588.5,17,120,63,1,2,14,2,70,5,0,"had",1,55,0,0,0,0,0,1,4659,56,1,"undersweep"
"1218",1,46,1,48,2023731,2023862,331.8,577.4,12,131,61,1,2,14,2,75,9,0,"protect",5,55,0,0,0,0,0,1,4871,51,1,"undersweep"
"1245",1,56,2,49,2034822,2034966,229.8,611.4,16,144,66,1,2,12,1,67,1,0,"pulled",1,59,0,0,0,0,0,1,5205,35,1,"undersweep"
"1263",1,63,3,50,2080770,2081160,458.6,582.9,12,390,56,1,2,12,2,60,6,0,"parents",0,48,0,0,0,0,0,1,3851,60,1,"accurate"
"1297",1,104,2,51,2094521,2094669,373.7,572.6,25,148,61,NA,2,NA,NA,NA,NA,NA,NA,NA,NA,0,0,0,0,1,1,9703,52,1,"undersweep"
"1321",1,93,3,52,2103536,2103694,380.7,569.8,13,158,54,1,2,13,2,59,6,0,"had",2,45,0,0,0,0,0,1,4352,43,1,"undersweep"
"1349",1,8,2,53,2112482,2112622,228.8,575.9,19,140,63,1,2,15,1,67,2,0,"because",2,55,0,0,0,0,0,1,4789,73,1,"undersweep"
"1372",1,67,1,54,2123647,2123979,240.4,591.2,13,332,57,NA,2,NA,NA,NA,NA,NA,NA,NA,NA,0,0,0,0,1,1,3830,49,1,"accurate"
"1393",1,84,3,55,2131582,2131827,271.6,565.7,12,245,65,1,2,14,1,67,1,0,"of",1,60,0,0,0,0,0,1,3073,85,1,"accurate"
"1430",1,90,3,56,2143686,2143818,473.7,576.4,19,132,60,1,2,12,2,74,9,0,"the",3,50,0,0,0,0,0,1,5078,53,1,"undersweep"
"1452",1,97,1,57,2153708,2154094,237,586.8,14,386,25,1,2,11,1,58,3,0,"and",3,14,0,0,0,0,0,1,5658,47,1,"accurate"
"1479",1,83,2,58,2163048,2163190,291.1,573.7,12,142,53,1,2,13,2,60,7,0,"friend",3,42,0,0,0,0,0,1,3491,36,1,"undersweep"
"1502",1,59,2,59,2171489,2171653,278.2,571.2,12,164,53,1,2,11,1,59,4,0,"with",4,42,0,0,0,0,0,1,3749,39,1,"undersweep"
"1522",1,79,1,60,2180430,2180714,350.4,580.3,12,284,56,1,2,10,1,56,2,0,"the",2,49,0,0,0,0,0,1,4615,40,1,"accurate"
"1538",1,5,2,61,2187814,2188155,326.3,580.2,10,341,53,NA,2,NA,NA,NA,NA,NA,NA,NA,NA,0,0,0,0,1,1,4191,47,1,"accurate"
"1558",1,48,3,62,2199755,2199891,421.5,575.1,14,136,54,1,2,17,2,74,8,0,"day",3,47,0,0,0,0,0,1,4032,54,1,"undersweep"
"1586",1,53,2,63,2208827,2208965,312.9,581.5,12,138,56,1,2,12,1,57,2,0,"mall",2,40,0,0,0,0,0,1,3746,43,1,"undersweep"
"1609",1,29,2,64,2217428,2217592,304.5,586.3,11,164,58,NA,2,NA,NA,NA,NA,NA,NA,NA,NA,0,0,0,0,1,1,3031,68,1,"undersweep"
"1635",1,21,3,65,2229743,2230051,303.9,600.7,12,308,60,1,2,13,2,58,4,0,"now",0,50,0,0,0,0,0,1,3863,39,1,"accurate"
"1661",1,25,1,66,2243441,2243934,322.3,597.2,19,493,59,NA,2,NA,NA,NA,NA,NA,NA,NA,NA,0,0,0,0,1,1,5478,45,1,"accurate"
"10100",1,52,1,67,2256575,2256608,852.5,575.4,9,33,48,1,2,23,10,114,48,0,"the",1,11,0,0,0,0,0,1,3521,68,1,"undersweep"
"13101",1,37,1,68,2268409,2268555,411.5,580,13,146,53,1,2,12,2,61,6,0,"be",0,44,0,0,0,0,0,1,3772,49,1,"undersweep"
"13102",1,64,1,69,2282871,2283028,294.9,585.4,13,157,58,1,2,11,1,70,5,0,"after",5,53,0,0,0,0,0,1,4093,66,1,"undersweep"
"15103",1,31,1,70,2290812,2291026,311.5,577.1,15,214,54,1,2,12,2,56,3,0,"was",0,45,0,0,0,0,0,1,3126,69,1,"undersweep"
"2014",1,49,1,71,2303713,2303852,398.5,575.7,20,139,48,1,2,12,2,60,6,0,"her",2,42,0,0,0,0,0,1,4719,45,1,"undersweep"
"1915",1,27,3,72,2317515,2317663,440.4,575.7,19,148,55,1,2,11,1,62,7,0,"restaurant",7,47,0,0,0,0,0,1,9579,63,1,"undersweep"
"13106",1,61,1,73,2330356,2330736,233.4,582.1,13,380,53,1,2,12,1,55,2,0,"shortly",2,43,0,0,0,0,0,1,3505,44,1,"accurate"
"13107",1,88,1,74,2337208,2337349,429.7,558.3,13,141,63,1,2,12,1,69,4,0,"hope",4,57,0,0,0,0,0,1,3357,56,1,"undersweep"
"2317",1,50,2,75,2377317,2377457,389.9,596.1,23,140,66,1,2,14,1,70,3,0,"year",3,61,0,0,0,0,0,1,7142,59,1,"undersweep"
"13109",1,87,3,76,2385956,2386086,427.6,613.1,13,130,63,1,2,10,2,64,11,0,"lessons",5,NA,0,0,0,0,0,1,4207,39,1,"undersweep"
"1720",1,26,2,77,2395874,2396017,334.6,593,17,143,65,1,2,14,1,69,4,0,"until",4,55,0,0,0,0,0,1,5558,52,1,"undersweep"
"1696",1,43,1,78,2407111,2407186,402.2,579.7,16,75,33,1,2,14,2,63,9,0,"gentle",5,18,0,0,0,0,0,1,4562,35,1,"undersweep"
"1722",1,94,1,79,2417076,2417243,324.4,605.6,17,167,60,1,2,15,2,70,5,0,"running",2,54,0,0,0,0,0,1,4744,50,1,"undersweep"
"14113",1,19,1,80,2425468,2425587,409.2,583.2,14,119,51,1,2,13,2,63,9,0,"forgotten",5,41,0,0,0,0,0,1,3962,43,1,"undersweep"
"16101",1,102,3,81,2438705,2439061,359.1,589.8,16,356,59,1,2,12,1,69,5,0,"ceremony",5,54,0,0,0,0,0,1,6124,44,1,"accurate"
"15115",1,44,2,82,2446903,2447058,408.7,574.4,15,155,63,1,2,14,1,71,4,0,"though",4,60,0,0,0,0,0,1,4956,37,1,"undersweep"
"1925",1,15,3,83,2456533,2456668,442.7,571.5,19,135,52,1,2,14,2,60,7,0,"wallet",3,NA,0,0,0,0,0,1,5019,47,1,"undersweep"
"16104",1,73,1,84,2466513,2466644,406.9,579.5,16,131,54,1,2,12,2,62,7,0,"family",3,47,0,0,0,0,0,1,3550,62,1,"undersweep"
"11118",1,1,1,85,2475692,2475842,310,586.4,11,150,58,1,2,11,1,57,3,0,"their",3,46,0,0,0,0,0,1,3537,63,1,"undersweep"
"15119",1,36,3,86,2488679,2489392,401.9,591.6,15,713,66,1,2,14,1,69,4,0,"overlooking",4,59,0,0,0,0,0,1,4358,52,1,"accurate"
"15120",1,82,1,87,2501742,2501886,387.7,600.4,15,144,61,1,2,13,2,74,7,0,"come",4,57,0,0,0,0,0,1,5163,42,1,"undersweep"
"14121",1,71,2,88,2508570,2508719,286.4,604.3,14,149,52,1,2,11,1,56,2,0,"who",2,42,0,0,0,0,0,1,3458,44,1,"undersweep"
"13122",1,23,2,89,2515522,2515702,389.4,602.4,13,180,57,1,2,13,1,55,1,0,"he",1,49,0,0,0,0,0,1,2702,46,1,"undersweep"
"14123",1,65,2,90,2527714,2527862,373,597.4,14,148,54,NA,2,NA,NA,NA,NA,NA,NA,NA,NA,0,0,0,0,1,1,3736,57,1,"undersweep"
"14124",1,2,2,91,2537163,2537311,383.7,591.9,14,148,59,1,2,14,2,73,6,0,"was",2,57,0,0,0,0,0,1,4269,42,1,"undersweep"
"13125",1,4,1,92,2548682,2548825,384.5,597.2,13,143,61,1,2,14,2,72,5,0,"they",2,62,0,0,0,0,0,1,3713,40,1,"undersweep"
"13126",1,18,3,93,2560085,2560227,390.3,587.8,13,142,66,1,2,17,2,71,6,0,"headed",2,59,0,0,0,0,0,1,3967,47,1,"undersweep"
"10127",1,85,1,94,2570582,2570908,285.7,602.7,10,326,52,1,2,10,1,58,4,0,"people",4,47,0,0,0,0,0,1,3314,59,1,"accurate"
"11128",1,75,3,95,2580240,2580607,319.7,599.1,11,367,48,1,2,11,1,60,5,0,"during",5,36,0,0,0,0,0,1,3489,67,1,"accurate"
"15129",1,24,3,96,2590653,2591042,345.6,600.2,15,389,60,1,2,14,2,70,5,0,"disappointed",0,57,0,0,0,0,0,1,4869,71,1,"accurate"
"10130",1,95,2,97,2601740,2601883,296.4,592.8,10,143,53,1,2,10,2,58,4,0,"the",1,44,0,0,0,0,0,1,2915,39,1,"undersweep"
"14131",1,39,3,98,2609051,2609281,381.2,603.4,14,230,58,1,2,12,1,55,1,0,"money",1,51,0,0,0,0,0,1,3626,45,1,"accurate"
"16118",1,13,1,99,2621473,2621602,312.9,601.4,16,129,51,2,2,13,3,61,6,0,"watched",0,41,0,0,0,0,0,1,5549,46,1,"undersweep"
"15133",1,9,3,100,2632000,2632293,275.1,597.8,15,293,52,1,2,11,1,56,3,0,"dogs",3,46,0,0,0,0,0,1,3268,39,1,"accurate"
"14134",1,66,3,101,2641949,2642106,317.3,611.4,14,157,59,1,2,13,2,73,7,0,"three",2,55,0,0,0,0,0,1,3883,66,1,"undersweep"
"11135",1,20,2,102,2650798,2650935,311.4,612.6,11,137,60,1,2,12,2,72,6,0,"to",2,55,0,0,0,0,0,1,3658,37,1,"undersweep"
"14136",1,57,3,103,2661238,2661674,328.6,604.9,14,436,51,1,2,10,1,57,4,0,"during",4,44,0,0,0,0,0,1,3248,37,1,"accurate"
"2169",1,10,1,104,2671476,2671755,277.5,608.3,21,279,69,1,2,14,1,68,2,0,"near",2,60,0,0,0,0,0,1,6220,45,1,"accurate"
"16124",1,12,3,105,2683757,2683919,440,594.7,16,162,61,1,2,16,2,70,5,0,"indoors",0,60,0,0,0,0,0,1,5218,46,1,"undersweep"
"8139",2,99,1,1,1393471,1393590,485.4,594.8,8,119,66,1,2,11,2,62,7,0,"to",2,42,0,0,0,0,0,1,2251,38,1,"undersweep"
"8140",2,32,3,2,1398820,1399142,267.7,605.9,8,322,72,1,2,14,1,72,5,0,"spent",5,57,0,0,0,0,0,1,2275,46,1,"accurate"
"6141",2,40,2,3,1409996,1410171,452.2,609.5,6,175,49,1,2,14,3,78,13,0,"college",0,38,0,0,0,0,0,1,1677,32,1,"undersweep"
"10141",2,22,2,4,1418694,1418854,358.3,609.9,10,160,63,1,2,18,3,78,11,0,"argue",4,50,0,0,0,0,0,1,3133,36,1,"undersweep"
"10142",2,34,2,5,1431178,1431325,451.7,548.3,10,147,171,1,2,14,2,71,5,0,"were",1,54,0,1,0,0,0,1,6667,55,1,"undersweep"
"12142",2,92,3,6,1444636,1444905,271.2,538.1,12,269,64,1,2,13,2,73,6,0,"patient's",2,50,0,0,0,0,0,1,4068,51,1,"undersweep"
"9145",2,91,2,7,1453992,1454145,417.1,613,9,153,50,1,2,12,2,58,5,0,"she",2,30,0,0,0,0,0,1,3791,42,1,"undersweep"
"6146",2,35,3,8,1458694,1458967,396.5,622.3,6,273,55,1,2,11,1,57,3,0,"jumped",3,41,0,0,0,0,0,1,1418,51,1,"accurate"
"6147",2,6,1,9,1466502,1466715,377.7,603.3,6,213,71,1,2,12,1,67,1,0,"because",1,55,0,0,0,0,0,1,1868,53,1,"accurate"
"4148",2,55,2,10,1477288,1477434,253.4,621.5,4,146,54,1,2,8,1,56,3,0,"and",3,40,0,0,0,0,0,1,5071,42,1,"undersweep"
"5149",2,3,1,11,1482326,1482583,298.1,616.1,5,257,58,1,2,12,1,57,2,0,"music",2,44,0,0,0,0,0,1,1459,49,1,"accurate"
"4150",2,96,1,12,1490554,1490995,266.8,611.8,4,441,61,1,2,12,1,68,2,0,"to",2,46,0,0,0,0,0,1,2437,45,1,"accurate"
"10149",2,68,3,13,1498459,1498707,432.2,604.9,10,248,62,1,2,15,2,71,6,0,"is",1,51,0,0,0,0,0,1,3093,46,1,"accurate"
"6152",2,16,2,14,1506239,1506365,354.3,634.6,6,126,72,1,2,15,2,73,6,0,"probably",2,53,0,0,1,0,0,1,2290,75,1,"undersweep"
"6153",2,69,1,15,1518354,1518619,387.3,644.6,6,265,263,1,2,13,1,55,1,0,"after",1,47,0,1,0,0,0,1,5980,63,1,"accurate"
"11148",2,11,3,16,1527024,1527189,487.7,619.7,11,165,40,1,2,17,5,74,20,0,"very",2,20,0,0,NA,0,0,1,3909,34,1,"undersweep"
"7154",2,101,3,17,1533921,1534149,291.8,627.1,7,228,55,1,2,9,1,56,4,0,"looking",4,40,0,0,0,0,0,1,2431,51,1,"accurate"
"7155",2,54,1,18,1543042,1543191,312.8,626.4,7,149,66,1,2,13,2,73,7,0,"for",1,46,0,0,0,0,0,1,1886,42,1,"undersweep"
"4157",2,105,1,19,1551710,1552020,261.3,616.5,4,310,52,1,2,9,1,57,3,0,"underneath",3,36,0,0,0,0,0,1,3771,51,1,"accurate"
"7157",2,30,1,20,1585591,1585756,587.8,604.7,7,165,57,1,2,16,4,84,17,0,"period",0,42,0,0,0,0,0,1,1978,40,1,"undersweep"
"6159",2,45,1,21,1592446,1592582,429.3,605.3,6,136,48,1,2,11,2,63,9,0,"preparation",6,32,0,0,0,0,0,1,1616,35,1,"undersweep"
"7159",2,77,3,22,1600175,1600413,355.7,610.6,7,238,58,2,2,8,1,57,4,0,"because",4,41,0,0,0,0,0,1,2271,47,1,"accurate"
"7160",2,60,1,23,1607093,1607255,296.9,614.9,7,162,69,1,2,13,2,72,6,0,"solo",0,51,0,0,0,0,0,1,2781,38,1,"undersweep"
"7161",2,74,3,24,1616671,1616842,564.6,554,7,171,56,1,2,15,5,81,15,0,"applause",0,39,0,0,0,0,0,1,2309,54,1,"undersweep"
"9160",2,78,1,25,1624027,1624168,412.3,595.7,9,141,68,1,2,14,2,74,7,0,"in",0,56,0,0,0,0,0,1,2499,65,1,"undersweep"
"7163",2,72,1,26,1631522,1631863,299.2,614.4,7,341,62,1,2,12,1,68,3,0,"fluently,",3,50,0,0,0,0,0,1,3277,87,1,"accurate"
"6165",2,62,3,27,1638437,1638633,322,609.7,6,196,71,1,2,12,1,67,2,0,"when",2,52,0,0,0,0,0,1,1609,37,1,"accurate"
"5166",2,70,2,28,1645112,1645327,295.4,621.4,5,215,68,1,2,12,1,67,2,0,"than",2,47,0,0,0,0,0,1,1943,62,1,"accurate"
"5167",2,51,1,29,1650899,1651225,248.9,602.7,5,326,56,1,2,13,2,58,3,0,"so",0,41,0,0,0,0,0,1,1513,63,1,"accurate"
"5168",2,33,1,30,1658190,1658596,269.3,617.9,5,406,49,1,2,10,1,55,2,0,"pipe",2,31,0,0,0,0,0,1,1863,45,1,"accurate"
"4169",2,7,2,31,1665754,1666119,211.5,603,4,365,54,NA,2,NA,NA,NA,NA,NA,NA,NA,NA,0,0,0,0,1,1,1635,40,1,"accurate"
"6170",2,86,3,32,1674115,1674328,285,621.2,6,213,66,1,2,15,2,69,4,0,"stars",0,50,0,0,0,0,0,1,1705,43,1,"accurate"
"4171",2,103,2,33,1679595,1679770,339.9,598.6,4,175,53,1,2,10,2,62,8,0,"the",0,34,0,0,0,0,0,1,2444,57,1,"undersweep"
"6172",2,38,3,34,1685095,1685221,413.2,598.5,6,126,62,1,2,18,3,77,11,0,"park",4,42,0,0,0,0,0,1,1627,49,1,"undersweep"
"6173",2,100,2,35,1697740,1697911,252.2,610.4,6,171,67,1,2,12,1,70,4,0,"served",4,54,0,0,0,0,0,1,3214,52,1,"undersweep"
"5174",2,58,2,36,1703219,1703646,391,615.3,5,427,71,1,2,12,1,66,1,0,"that",1,50,0,0,0,0,0,1,2485,45,1,"accurate"
"6175",2,76,2,37,1710894,1711037,474.8,592,6,143,70,1,2,13,3,73,7,0,"ship",0,50,0,0,0,0,0,1,1794,36,1,"undersweep"
"5176",2,81,1,38,1716285,1716551,347,622.1,5,266,57,1,2,10,1,58,4,0,"that",4,39,0,0,0,0,0,1,2543,49,1,"accurate"
"5177",2,89,3,39,1723073,1723251,443.9,609.5,5,178,48,1,2,13,3,65,12,0,"overlooking",2,30,0,0,0,0,0,1,1923,39,1,"undersweep"
"7177",2,42,1,40,1728161,1728308,339.8,606.2,7,147,55,1,2,14,1,71,6,0,"arrived",6,41,0,0,0,0,0,1,2161,41,1,"undersweep"
"7178",2,28,2,41,1737718,1737885,388.1,622.8,7,167,73,1,2,12,1,66,1,0,"overseas,",1,58,0,0,0,0,0,1,1743,70,1,"undersweep"
"5180",2,17,3,42,1747526,1747714,281.1,623.2,5,188,67,1,2,11,1,55,1,0,"had",1,42,0,0,0,0,0,1,1919,61,1,"accurate"
"4181",2,41,3,43,1754803,1755033,254,620.9,4,230,62,1,2,14,2,58,3,0,"said",0,38,0,0,0,0,0,1,2063,42,1,"accurate"
"6182",2,47,3,44,1800390,1800754,402.5,631.9,6,364,51,1,2,12,2,58,4,0,"good",1,36,0,0,0,0,0,1,1567,44,1,"accurate"
"6183",2,98,3,45,1805354,1805504,399.6,618.9,6,150,62,1,2,14,2,77,10,0,"games",2,47,0,0,1,0,0,1,1606,36,1,"undersweep"
"6184",2,80,3,46,1810545,1810874,314.4,600.6,6,329,68,1,2,16,1,73,6,0,"inside",6,49,0,0,1,0,0,1,1564,57,1,"accurate"
"7184",2,14,3,47,1816401,1816506,314.5,625,7,105,65,1,2,13,1,68,3,0,"who",3,54,0,0,1,0,0,1,2137,56,1,"accurate"
"10166",2,46,2,48,1824786,1824920,362.1,637.3,10,134,58,1,2,15,3,78,12,0,"them",0,43,0,0,0,0,0,1,2722,51,1,"undersweep"
"6187",2,56,3,49,1830997,1831169,449.1,616.9,6,172,51,1,2,15,4,84,18,0,"around",1,35,0,0,0,0,0,1,1709,35,1,"undersweep"
"7187",2,63,1,50,1856349,1856746,465.3,621.7,7,397,57,1,2,12,2,60,6,0,"parents",0,40,0,0,1,0,0,1,3645,60,1,"accurate"
"6189",2,104,3,51,1861041,1861206,511.4,585.1,6,165,67,1,2,14,2,74,10,0,"decided",0,47,0,0,0,0,0,1,1637,52,1,"undersweep"
"7189",2,93,1,52,1867160,1867307,398.6,604,7,147,38,1,2,13,2,60,7,0,"had",3,22,0,0,1,0,0,1,2948,43,1,"undersweep"
"6191",2,8,3,53,1872935,1873122,310.3,591.9,6,187,150,1,2,16,2,73,8,0,"a",0,47,0,1,0,0,0,1,2548,73,1,"accurate"
"7191",2,67,2,54,1883011,1883143,344.2,599,7,132,59,1,2,13,3,63,8,0,"had",0,38,0,0,0,0,0,1,4491,49,1,"undersweep"
"5193",2,84,1,55,1887511,1887725,335.8,591.4,5,214,63,1,2,15,2,72,6,0,"the",3,47,0,0,0,0,0,1,1316,85,1,"accurate"
"5194",2,90,1,56,1891700,1892019,414.9,624.4,5,319,69,1,2,11,1,69,4,0,"about",4,54,0,0,0,0,0,1,1089,53,1,"accurate"
"5195",2,97,2,57,1895796,1895994,303.4,580.1,5,198,57,1,2,13,3,63,8,0,"quickly",0,37,0,0,0,0,0,1,1210,47,1,"undersweep"
"5196",2,83,3,58,1903672,1903848,288.6,582.2,5,176,57,1,2,13,2,60,7,0,"friend",3,41,0,0,0,0,0,1,4361,36,1,"accurate"
"6197",2,59,3,59,1907901,1908174,359.6,590.9,6,273,51,1,2,12,2,65,10,0,"strong",5,32,0,0,0,0,0,1,1532,39,1,"accurate"
"5198",2,79,2,60,1911977,1912166,702.6,588.5,5,189,29,1,2,15,6,83,29,0,"Middle",1,14,0,0,0,0,0,1,1333,40,1,"undersweep"
"4199",2,5,3,61,1920439,1920570,544.4,602.5,4,131,49,1,2,14,4,71,16,0,"the",2,26,0,0,0,0,0,1,1612,47,1,"undersweep"
"6200",2,48,1,62,1927487,1927671,466.2,600.1,6,184,63,1,2,18,3,77,11,0,"as",2,44,0,0,0,0,0,1,1294,54,1,"undersweep"
"3205",2,53,3,63,1931302,1931473,369.1,597.7,3,171,50,1,2,13,2,62,7,0,"after",2,33,0,0,0,0,0,1,1242,43,1,"undersweep"
"4202",2,29,3,64,1937906,1938145,349.3,594.1,4,239,62,1,2,10,1,57,4,0,"because",4,37,0,0,0,0,0,1,1405,68,1,"accurate"
"3207",2,21,1,65,1944980,1945137,382.8,611.9,3,157,69,1,2,14,3,64,10,0,"flushed",2,34,0,0,0,0,0,1,1271,39,1,"undersweep"
"6204",2,25,2,66,1954315,1954455,475.3,598.3,6,140,52,1,2,12,2,64,10,0,"claimed",6,37,0,0,0,0,0,1,1581,45,1,"undersweep"
"5205",2,52,2,67,1961748,1961927,334.1,610.4,5,179,66,1,2,16,3,74,8,0,"commotion",1,53,0,0,0,0,0,1,1731,68,1,"undersweep"
"4206",2,37,2,68,1969470,1969630,392.2,593.9,4,160,60,1,2,11,1,60,5,0,"could",5,40,0,0,0,0,0,1,3170,49,1,"undersweep"
"6207",2,64,2,69,1976590,1976747,326.2,596.4,6,157,64,1,2,12,2,72,7,0,"she",1,47,0,0,0,0,0,1,1715,66,1,"undersweep"
"5208",2,31,2,70,1981063,1981353,361.2,608.8,5,290,56,1,2,13,3,60,7,0,"already",0,34,0,0,0,0,0,1,1555,69,1,"accurate"
"5209",2,49,2,71,1989144,1989271,425.1,590.1,5,127,60,1,2,13,3,62,8,0,"great",0,38,0,0,0,0,0,1,1953,45,1,"undersweep"
"5210",2,27,1,72,1993330,1993603,419.2,590.2,5,273,58,1,2,11,1,60,5,0,"restaurant",5,42,0,0,0,0,0,1,1198,63,1,"accurate"
"5211",2,61,2,73,2002099,2002334,262.5,598.4,5,235,25,1,2,12,1,57,4,0,"shortly",4,14,0,0,0,0,0,1,4042,44,1,"accurate"
"6212",2,88,2,74,2006402,2006531,425.5,591.1,6,129,78,1,2,12,1,69,4,0,"hope",4,55,0,0,1,0,0,1,1628,56,1,"undersweep"
"6213",2,50,3,75,2063758,2063973,398,592.4,6,215,73,1,2,14,1,71,4,0,"year",4,58,0,0,0,0,0,1,2220,59,1,"accurate"
"6214",2,87,1,76,2067945,2068107,377.8,586.3,6,162,49,1,2,10,2,60,7,0,"lessons",1,35,0,0,0,0,0,1,1532,39,1,"undersweep"
"6215",2,26,3,77,2071869,2072125,351.9,593.2,6,256,70,1,2,15,2,71,6,0,"our",0,49,0,0,0,0,0,1,1431,52,1,"accurate"
"6216",2,43,2,78,2078608,2078787,591.3,567.8,6,179,38,1,2,16,4,78,24,0,"hills",5,22,0,0,0,0,0,1,1512,35,1,"undersweep"
"9187",2,94,2,79,2083583,2083746,310.6,591.8,9,163,67,1,2,15,2,69,4,0,"running",1,51,0,0,0,0,0,1,1812,50,1,"undersweep"
"4218",2,19,2,80,2088240,2088486,321.6,595.9,4,246,63,1,2,12,1,56,2,0,"had",2,42,0,0,0,0,0,1,1286,43,1,"accurate"
"6219",2,102,1,81,2097091,2097233,404.1,599.7,6,142,64,1,2,12,1,72,8,0,"ceremony",8,45,0,0,0,0,0,1,3445,44,1,"undersweep"
"8207",2,44,3,82,2102590,2102712,474.7,585.1,8,122,56,1,2,15,2,76,9,0,"the",2,39,0,0,1,0,0,1,1886,37,1,"accurate"
"5221",2,15,1,83,2106680,2106926,402.4,590.8,5,246,59,1,2,14,2,57,4,0,"wallet",0,41,0,0,0,0,0,1,1427,47,1,"accurate"
"4222",2,73,2,84,2115310,2115560,376.2,588.7,4,250,61,1,2,12,2,59,4,0,"family",0,40,0,0,0,0,0,1,1948,62,1,"accurate"
"6223",2,1,2,85,2119930,2120158,321.3,602.9,6,228,66,1,2,11,1,58,4,0,"their",4,41,0,0,0,0,0,1,1469,63,1,"accurate"
"5224",2,36,1,86,2127019,2127355,421.6,582.1,5,336,66,1,2,14,1,70,5,0,"overlooking",5,49,0,0,0,0,0,1,1308,52,1,"accurate"
"4225",2,82,2,87,2135312,2135444,432.6,562.8,4,132,74,1,2,14,3,77,10,0,"and",2,49,0,0,0,0,0,1,1343,42,1,"undersweep"
"5226",2,71,3,88,2139631,2139859,321.9,586.8,5,228,58,1,2,12,2,59,5,0,"had",1,37,0,0,0,0,0,1,1404,44,1,"accurate"
"5227",2,23,3,89,2143401,2143599,425.9,586.4,5,198,60,1,2,14,2,57,3,0,"met",0,42,0,0,0,0,0,1,1182,46,1,"accurate"
"7225",2,65,3,90,2151405,2151690,429,586.1,7,285,69,1,2,12,2,60,5,0,"charity",1,44,0,0,0,0,0,1,2112,57,1,"accurate"
"7226",2,2,3,91,2156505,2156674,405.6,569.3,7,169,69,1,2,15,3,75,8,0,"busy",0,46,0,0,0,0,0,1,2203,42,1,"undersweep"
"9193",2,4,2,92,2165563,2165697,423.9,575.4,9,134,66,1,2,15,3,75,8,0,"enjoyed",0,43,0,0,0,0,0,1,2062,40,1,"undersweep"
"6231",2,18,1,93,2172661,2172784,496,578,6,123,64,1,2,18,3,79,14,0,"towards",3,44,0,0,0,0,0,1,1343,47,1,"undersweep"
"6232",2,85,2,94,2180485,2180667,295.6,589.5,6,182,60,1,2,10,1,59,5,0,"people",5,42,0,0,0,0,0,1,2767,59,1,"accurate"
"6233",2,75,1,95,2185679,2185850,340.3,597.7,6,171,61,1,2,12,2,62,7,0,"the",0,37,0,0,0,0,0,1,1912,67,1,"undersweep"
"6234",2,24,1,96,2190665,2190948,369.7,578.3,6,283,69,1,2,14,2,71,6,0,"disappointed",1,52,0,0,0,0,0,1,1398,71,1,"accurate"
"5235",2,95,3,97,2198664,2198802,384.3,566.2,5,138,49,1,2,11,3,65,11,0,"aesthetically",4,34,0,0,0,0,0,1,1739,39,1,"undersweep"
"6236",2,39,1,98,2203378,2203517,594,558.5,6,139,46,1,2,16,5,72,18,0,"mansion",2,25,0,0,0,0,0,1,1986,45,1,"undersweep"
"5237",2,13,2,99,2210689,2210831,436.1,594.8,5,142,46,2,2,14,4,71,16,0,"his",2,27,0,0,0,0,0,1,2331,46,1,"undersweep"
"6238",2,9,1,100,2219845,2220047,397.7,590.2,6,202,54,1,2,12,2,65,12,0,"barking",7,32,0,0,0,0,0,1,3604,39,1,"undersweep"
"8222",2,66,1,101,2229056,2229191,300.5,587.3,8,135,72,1,2,13,2,72,6,0,"three",1,55,0,0,0,0,0,1,3748,66,1,"undersweep"
"8223",2,20,3,102,2234395,2234540,340,586.8,8,145,68,1,2,13,3,74,8,0,"a",1,54,0,0,0,0,0,1,2346,37,1,"undersweep"
"9200",2,57,1,103,2244275,2244425,416.4,571.1,9,150,51,1,2,11,2,63,10,0,"the",3,33,0,0,0,0,0,1,4626,37,1,"undersweep"
"7239",2,10,2,104,2249237,2249395,372.1,598.7,7,158,67,1,2,16,3,75,9,0,"Massachusetts",0,49,0,0,0,0,0,1,2314,45,1,"undersweep"
"7240",2,12,1,105,2260958,2261151,437.8,570.3,7,193,73,1,2,16,2,70,5,0,"indoors",0,53,0,0,0,0,0,1,6327,46,1,"undersweep"
"9203",3,99,2,1,3430173,3430355,424.9,571.1,9,182,61,1,2,10,1,57,2,0,"wine",2,50,0,0,0,0,0,1,2580,38,1,"undersweep"
"11168",3,32,1,2,3436530,3436756,221.7,573,11,226,71,1,2,14,1,68,1,0,"spent",1,64,0,0,0,0,0,1,2595,46,1,"accurate"
"11169",3,40,3,3,3445309,3445596,370,598.4,11,287,67,1,2,13,2,72,7,0,"another",2,NA,0,0,0,0,0,1,2750,32,1,"accurate"
"9206",3,22,3,4,3454651,3454917,269.4,572.4,9,266,64,1,2,17,2,71,4,0,"to",0,59,0,0,0,0,0,1,3084,36,1,"accurate"
"9207",3,34,3,5,3462902,3463157,463.4,580.3,9,255,63,1,2,14,2,72,6,0,"were",2,57,0,0,0,0,0,1,2843,55,1,"accurate"
"13153",3,92,1,6,3473714,3473914,221.8,577.1,13,200,69,1,2,12,1,69,2,0,"the",2,60,0,0,0,0,0,1,3173,51,1,"accurate"
"9209",3,91,3,7,3479363,3479575,382.5,571,9,212,62,1,2,12,2,56,3,0,"she",0,45,0,0,0,0,0,1,2155,42,1,"accurate"
"7248",3,35,1,8,3484390,3484614,408.2,578.9,7,224,57,1,2,11,1,58,4,0,"jumped",4,45,0,0,0,0,0,1,1782,51,1,"accurate"
"9211",3,6,2,9,3493055,3493128,432.2,563.9,9,73,66,1,2,12,1,71,5,0,"because",5,57,0,0,1,0,0,1,2639,53,1,"undersweep"
"8236",3,55,3,10,3501571,3501745,248.4,574.3,8,174,84,1,2,8,1,56,3,0,"and",3,45,0,0,0,0,0,1,2455,42,1,"accurate"
"8237",3,3,2,11,3507396,3507527,320.2,585.1,8,131,61,1,2,12,1,59,4,0,"music",4,47,0,0,0,0,0,1,2414,49,1,"undersweep"
"9214",3,96,2,12,3516256,3516614,276.4,583,9,358,67,1,2,12,1,68,2,0,"to",2,58,0,0,0,0,0,1,2349,45,1,"accurate"
"11179",3,68,1,13,3526747,3526985,378.1,591.7,11,238,70,1,2,14,1,67,2,0,"that",2,59,0,0,0,0,0,1,3357,46,1,"accurate"
"10200",3,16,3,14,3532400,3532583,322,607.4,10,183,70,1,2,14,1,70,3,0,"she",3,62,0,0,0,0,0,1,2477,75,1,"accurate"
"9217",3,69,2,15,3541112,3541313,393,587.9,9,201,70,1,2,13,1,55,1,0,"after",1,50,0,0,0,0,0,1,2581,63,1,"undersweep"
"9218",3,11,1,16,3547587,3547797,217.4,582.9,9,210,61,NA,2,NA,NA,NA,NA,NA,NA,NA,NA,0,0,1,0,1,1,2690,34,1,"accurate"
"8243",3,101,1,17,3555932,3556084,323.9,585.5,8,152,62,1,2,9,1,58,6,0,"looking",6,41,0,0,0,0,0,1,2260,51,1,"undersweep"
"10204",3,54,2,18,3562314,3562453,276.3,578.9,10,139,69,1,2,12,1,70,4,0,"party",4,58,0,0,0,0,0,1,3176,42,1,"undersweep"
"8245",3,105,2,19,3568616,3568837,193,594.5,8,221,62,NA,2,NA,NA,NA,NA,NA,NA,NA,NA,0,0,0,0,1,1,2420,51,1,"accurate"
"10206",3,30,2,20,3574268,3574407,427.9,581.6,10,139,70,1,2,13,1,72,5,0,"during",5,59,0,0,0,0,0,1,2772,40,1,"undersweep"
"8247",3,45,2,21,3581885,3582046,377.7,579.4,8,161,60,1,2,11,2,59,5,0,"preparation",2,46,0,0,0,0,0,1,2522,35,1,"undersweep"
"8248",3,77,1,22,3587701,3587938,356.8,593.7,8,237,62,2,2,8,1,57,4,0,"because",4,45,0,0,0,0,0,1,2563,47,1,"accurate"
"9225",3,60,2,23,3594451,3594615,243.5,580.4,9,164,71,1,2,12,1,68,2,0,"piano",2,60,0,0,0,0,0,1,2714,38,1,"undersweep"
"9226",3,74,1,24,3600901,3601078,448.6,569.3,9,177,67,1,2,13,3,73,7,0,"round",1,54,0,0,1,0,0,1,3014,54,1,"undersweep"
"12181",3,78,2,25,3636197,3636351,349,594.5,12,154,65,1,2,13,1,69,2,0,"France",2,62,0,0,0,0,0,1,2618,65,1,"undersweep"
"8252",3,72,2,26,3641653,3641913,232.2,605.1,8,260,67,NA,2,NA,NA,NA,NA,NA,NA,NA,NA,0,0,0,0,1,1,2016,87,1,"accurate"
"9229",3,62,1,27,3648388,3648703,329,586.1,9,315,66,1,2,12,1,68,3,0,"when",3,55,0,0,0,0,0,1,2209,37,1,"accurate"
"11194",3,70,3,28,3654173,3654325,247.6,617.4,11,152,68,NA,2,NA,NA,NA,NA,NA,NA,NA,NA,0,0,0,0,1,1,2678,62,1,"accurate"
"8255",3,51,2,29,3660222,3660398,203.3,615.9,8,176,62,NA,2,NA,NA,NA,NA,NA,NA,NA,NA,0,0,1,0,1,1,1861,63,1,"undersweep"
"8256",3,33,2,30,3665848,3666008,247.9,608,8,160,57,1,2,10,1,54,1,0,"pipe",1,44,0,0,0,0,0,1,2129,45,1,"undersweep"
"11197",3,7,3,31,3673542,3673701,194.9,610.8,11,159,62,NA,2,NA,NA,NA,NA,NA,NA,NA,NA,0,0,0,0,1,1,2681,40,1,"accurate"
"8258",3,86,1,32,3681775,3682058,235.7,603.6,8,283,68,1,2,14,1,66,1,0,"the",1,56,0,0,0,0,0,1,2164,43,1,"accurate"
"8259",3,103,3,33,3687078,3687263,242.5,609.1,8,185,62,NA,2,NA,NA,NA,NA,NA,NA,NA,NA,0,0,0,0,1,1,2351,57,1,"accurate"
"12190",3,38,1,34,3693346,3693729,295.2,618.3,12,383,69,1,2,16,1,67,1,0,"to",1,61,0,0,0,0,0,1,2852,49,1,"accurate"
"10221",3,100,3,35,3702028,3702229,165.4,593.2,10,201,71,NA,2,NA,NA,NA,NA,NA,NA,NA,NA,0,0,0,0,1,1,2426,52,1,"accurate"
"12192",3,58,3,36,3708564,3708850,388.3,604.4,12,286,69,1,2,12,1,66,1,0,"that",1,59,0,0,0,0,0,1,3021,45,1,"accurate"
"11203",3,76,3,37,3714764,3715060,401,597,11,296,70,1,2,11,1,67,1,0,"on",1,60,0,0,0,0,0,1,2638,36,1,"accurate"
"8264",3,81,2,38,3720427,3720574,339.3,606.4,8,147,58,1,2,10,1,58,4,0,"that",4,46,0,0,0,0,0,1,2259,49,1,"undersweep"
"9241",3,89,1,39,3726223,3726626,325,582,9,403,61,1,2,11,1,56,3,0,"the",3,46,0,0,0,0,0,1,2014,39,1,"accurate"
"2380",3,42,2,40,3739353,3739503,252.6,605.3,23,150,69,NA,2,NA,NA,NA,NA,NA,NA,NA,NA,0,0,0,0,1,1,7203,41,1,"undersweep"
"10227",3,28,3,41,3747662,3747937,364.9,602.4,10,275,68,NA,2,NA,NA,NA,NA,NA,NA,NA,NA,0,0,0,0,1,1,2604,70,1,"accurate"
"9244",3,17,1,42,3755981,3756399,246,615.3,9,418,63,NA,2,NA,NA,NA,NA,NA,NA,NA,NA,0,0,0,0,1,1,2206,61,1,"accurate"
"8269",3,41,1,43,3763491,3763658,243.2,593.8,8,167,58,1,2,13,1,57,2,0,"is",2,43,0,0,0,0,0,1,1950,42,1,"undersweep"
"12200",3,47,1,44,3771274,3771513,376.4,612.2,12,239,54,1,2,11,1,56,2,0,"in",2,48,0,0,0,0,0,1,3133,44,1,"accurate"
"9247",3,98,1,45,3777051,3777350,309.7,597.9,9,299,75,1,2,13,1,70,3,0,"playing",3,60,0,0,0,0,0,1,2394,36,1,"accurate"
"8272",3,80,1,46,3782232,3782361,278.7,601.3,8,129,67,1,2,16,1,70,3,0,"inside",3,59,0,0,0,0,0,1,2258,57,1,"undersweep"
"12203",3,14,1,47,3788611,3788802,294.1,608.6,12,191,78,1,2,13,1,67,2,0,"who",2,62,0,0,0,0,0,1,2888,56,1,"accurate"
"9250",3,46,3,48,3796147,3796361,210.6,589.4,9,214,65,NA,2,NA,NA,NA,NA,NA,NA,NA,NA,0,0,0,0,1,1,2907,51,1,"accurate"
"8275",3,56,1,49,3801721,3801948,202.5,602.4,8,227,70,NA,2,NA,NA,NA,NA,NA,NA,NA,NA,0,0,0,0,1,1,2181,35,1,"accurate"
"12206",3,63,2,50,3888965,3889172,427,583.9,12,207,56,1,2,11,1,57,3,0,"their",3,45,0,0,0,0,0,1,2845,60,1,"undersweep"
"12207",3,104,1,51,3894781,3894905,413.7,589.2,12,124,65,1,2,13,1,66,2,0,"officials",2,58,0,0,1,0,0,1,2619,52,1,"accurate"
"10238",3,93,2,52,3900772,3901170,304.9,582.7,10,398,62,NA,2,NA,NA,NA,NA,NA,NA,NA,NA,0,0,0,0,1,1,2503,43,1,"accurate"
"8279",3,8,1,53,3906104,3906346,187.6,572.9,8,242,67,NA,2,NA,NA,NA,NA,NA,NA,NA,NA,0,0,0,0,1,1,2301,73,1,"accurate"
"8280",3,67,3,54,3914389,3914641,250.3,571.3,8,252,61,1,2,11,1,56,1,0,"that",1,47,0,0,0,0,0,1,2178,49,1,"accurate"
"8281",3,84,2,55,3919802,3919966,273.7,593.3,8,164,68,1,2,14,1,67,1,0,"of",1,60,0,0,1,0,0,1,2142,85,1,"accurate"
"8282",3,90,2,56,3925721,3926085,389.7,591.3,8,364,67,1,2,11,1,67,2,0,"about",2,55,0,0,0,0,0,1,2436,53,1,"accurate"
"8283",3,97,3,57,3932767,3932990,230.4,569.8,8,223,59,1,2,11,1,58,3,0,"and",3,43,0,0,0,0,0,1,2816,47,1,"accurate"
"7298",3,83,1,58,3937501,3937765,200,576.6,7,264,59,NA,2,NA,NA,NA,NA,NA,NA,NA,NA,0,0,0,0,1,1,1900,36,1,"accurate"
"8285",3,59,1,59,3942544,3942831,250,555.4,8,287,59,1,2,11,1,57,2,0,"with",2,45,0,0,0,0,0,1,2384,39,1,"accurate"
"11225",3,79,3,60,3948677,3948946,372.6,560.9,11,269,65,1,2,11,2,58,4,0,"royal",0,45,0,0,0,0,0,1,2759,40,1,"accurate"
"9263",3,5,1,61,3953942,3954349,378.2,573.3,9,407,57,1,2,11,1,58,3,0,"where",3,46,0,0,0,0,0,1,2258,47,1,"accurate"
"11227",3,48,2,62,3962649,3962888,338.5,584.8,11,239,69,1,2,16,1,67,1,0,"that",1,59,0,0,0,0,0,1,2857,54,1,"undersweep"
"9265",3,53,1,63,3968366,3968557,316.2,577.2,9,191,59,1,2,12,1,58,3,0,"mall",3,46,0,0,0,0,0,1,2191,43,1,"undersweep"
"7304",3,29,1,64,3974145,3974374,320.8,575.4,7,229,63,1,2,10,1,54,1,0,"because",1,48,0,0,0,0,0,1,2095,68,1,"accurate"
"9267",3,21,2,65,3981430,3981801,256.9,594.8,9,371,59,NA,2,NA,NA,NA,NA,NA,NA,NA,NA,0,0,0,0,1,1,1880,39,1,"accurate"
"7306",3,25,3,66,3988694,3988917,371.1,596.3,7,223,55,1,2,11,1,56,2,0,"was",2,47,0,0,0,0,0,1,2269,45,1,"accurate"
"9269",3,52,3,67,3996462,3996682,217.2,568.3,9,220,69,NA,2,NA,NA,NA,NA,NA,NA,NA,NA,0,0,0,0,1,1,2754,68,1,"accurate"
"8294",3,37,3,68,4002322,4002561,365.3,580,8,239,59,1,2,11,1,58,3,0,"could",3,47,0,0,0,0,0,1,1956,49,1,"accurate"
"8295",3,64,3,69,4009707,4009898,263.4,592.1,8,191,65,1,2,11,1,68,3,0,"after",3,57,0,0,0,0,0,1,2417,66,1,"accurate"
"10255",3,31,3,70,4015869,4016081,288.7,598.3,10,212,61,1,2,11,1,55,2,0,"he",2,43,0,0,0,0,0,1,2637,69,1,"accurate"
"8297",3,49,3,71,4023618,4023877,395.2,587.1,8,259,57,1,2,12,2,60,6,0,"her",2,42,0,0,0,0,0,1,2337,45,1,"accurate"
"6315",3,27,2,72,4028601,4028818,369.1,578.8,6,217,62,1,2,11,1,57,2,0,"restaurant",2,46,0,0,0,0,0,1,1819,63,1,"undersweep"
"9275",3,61,3,73,4037948,4038217,255.2,581.3,9,269,62,1,2,12,1,57,4,0,"shortly",4,40,0,0,0,0,0,1,2075,44,1,"accurate"
"9276",3,88,3,74,4043207,4043437,403.8,574.2,9,230,71,1,2,12,1,67,2,0,"hope",2,59,0,0,0,0,0,1,2309,56,1,"accurate"
"11240",3,50,1,75,4077876,4078020,389.2,579.4,11,144,72,1,2,14,1,70,3,0,"year",3,61,0,0,1,0,0,1,3063,59,1,"accurate"
"9278",3,87,2,76,4083825,4083971,326.2,577.5,9,146,63,1,2,9,1,56,3,0,"piano",3,46,0,0,0,0,0,1,2812,39,1,"undersweep"
"8303",3,26,1,77,4089013,4089274,311,601.1,8,261,70,1,2,14,1,67,2,0,"until",2,59,0,0,0,0,0,1,2217,52,1,"accurate"
"9280",3,43,3,78,4096527,4096747,314.6,579,9,220,62,1,2,13,1,57,3,0,"the",3,48,0,0,0,0,0,1,2348,35,1,"accurate"
"11244",3,94,3,79,4101837,4102057,295.5,597,11,220,63,1,2,15,2,68,3,0,"running",0,52,0,0,0,0,0,1,2608,50,1,"accurate"
"9282",3,19,3,80,4107402,4107599,325.2,605.9,9,197,64,1,2,12,1,56,2,0,"had",2,47,0,0,0,0,0,1,2340,43,1,"accurate"
"9283",3,102,2,81,4115447,4115623,303.6,598.4,9,176,68,1,2,12,1,65,1,0,"ceremony",1,56,0,0,0,0,0,1,2094,44,1,"undersweep"
"10267",3,44,1,82,4120386,4120747,403.7,594.4,10,361,67,1,2,14,1,71,4,0,"though",4,58,0,0,0,0,0,1,2125,37,1,"accurate"
"9285",3,15,2,83,4125257,4125405,396.4,587.1,9,148,60,1,2,13,1,56,3,0,"his",3,43,0,0,0,0,0,1,2270,47,1,"undersweep"
"7324",3,73,3,84,4132318,4132445,442.5,583.4,7,127,56,1,2,12,2,64,9,0,"family",5,43,0,0,0,0,0,1,1974,62,1,"undersweep"
"8311",3,1,3,85,4137740,4138018,294.7,589.1,8,278,60,1,2,11,1,56,2,0,"their",2,47,0,0,0,0,0,1,1912,63,1,"accurate"
"12237",3,36,2,86,4146564,4146698,439.9,581.5,12,134,65,1,2,14,1,71,6,0,"overlooking",6,57,0,0,1,0,0,1,3478,52,1,"undersweep"
"9289",3,82,3,87,4154450,4154788,316.9,582.5,9,338,70,1,2,12,1,68,1,0,"to",1,61,0,0,0,0,0,1,2565,42,1,"accurate"
"9290",3,71,1,88,4160171,4160373,301.5,591.5,9,202,61,1,2,11,1,57,3,0,"who",3,47,0,0,0,0,0,1,2161,44,1,"undersweep"
"8315",3,23,1,89,4165944,4166241,425.5,592.3,8,297,61,1,2,14,2,57,3,0,"met",0,48,0,0,0,0,0,1,1893,46,1,"accurate"
"8316",3,65,1,90,4172895,4173256,405.3,594.1,8,361,64,1,2,11,1,58,3,0,"his",3,48,0,0,0,0,0,1,2152,57,1,"accurate"
"9293",3,2,1,91,4179598,4179905,319.1,586.5,9,307,69,1,2,13,1,68,1,0,"son",1,60,0,0,0,0,0,1,2439,42,1,"accurate"
"9294",3,4,3,92,4187093,4187316,361.8,603.3,9,223,71,1,2,14,2,70,3,0,"they",0,60,0,0,0,0,0,1,2509,40,1,"accurate"
"10278",3,18,2,93,4196451,4196550,450.5,561.3,10,99,75,1,2,18,3,76,11,0,"towards",0,53,0,0,0,0,0,1,2759,47,1,"undersweep"
"9296",3,85,3,94,4204122,4204360,266.4,590.6,9,238,62,1,2,10,1,56,2,0,"people",2,48,0,0,0,0,0,1,2514,59,1,"accurate"
"7335",3,75,2,95,4210382,4210553,268.7,605.1,7,171,64,1,2,11,1,56,1,0,"during",1,49,0,0,0,0,0,1,2373,67,1,"undersweep"
"9298",3,24,2,96,4216879,4217051,334.6,596.8,9,172,69,1,2,13,1,69,4,0,"were",4,57,0,0,0,0,0,1,2446,71,1,"undersweep"
"13222",3,95,1,97,4225602,4225822,324.2,589,13,220,72,1,2,11,3,61,7,0,"aesthetically",0,44,0,0,0,0,0,1,3311,39,1,"undersweep"
"9300",3,39,2,98,4230897,4231014,415.8,584.3,9,117,60,1,2,12,1,58,4,0,"money",4,48,0,0,0,0,0,1,1923,45,1,"undersweep"
"9301",3,13,3,99,4239844,4240096,237.5,589.8,9,252,60,NA,2,NA,NA,NA,NA,NA,NA,NA,NA,0,0,0,0,1,1,2420,46,1,"accurate"
"9302",3,9,2,100,4248776,4248945,243.6,587.6,9,169,63,NA,2,NA,NA,NA,NA,NA,NA,NA,NA,0,0,0,0,1,1,2719,39,1,"undersweep"
"11265",3,66,2,101,4256895,4257073,196.9,599.3,11,178,72,NA,2,NA,NA,NA,NA,NA,NA,NA,NA,0,0,0,0,1,1,3355,66,1,"accurate"
"9304",3,20,1,102,4263522,4263677,295.9,592,9,155,72,1,2,12,2,70,4,0,"to",0,59,0,0,0,0,0,1,2857,37,1,"undersweep"
"9305",3,57,2,103,4270748,4270911,348.1,603.5,9,163,59,1,2,10,1,58,5,0,"during",5,44,0,0,0,0,0,1,2300,37,1,"undersweep"
"15192",3,10,3,104,4278140,4278288,358,594.6,15,148,66,1,2,15,2,74,8,0,"the",3,57,0,0,0,0,0,1,4009,45,1,"undersweep"
"11269",3,12,2,105,4286110,4286278,397.1,592.8,11,168,65,1,2,15,1,66,1,0,"move",1,58,0,0,0,0,0,1,2496,46,1,"undersweep"
"12255",4,99,3,1,5483343,5483689,470.4,600.5,12,346,63,1,2,11,2,61,6,0,"to",1,48,0,0,0,0,0,1,6486,38,1,"accurate"
"9309",4,32,2,2,5490812,5491011,232,545.7,9,199,71,1,2,14,1,69,2,0,"spent",2,58,0,0,0,0,0,1,2972,46,1,"undersweep"
"7348",4,40,1,3,5500356,5500491,412.5,602.2,7,135,61,1,2,13,2,75,10,0,"another",5,49,0,0,0,0,0,1,2692,32,1,"undersweep"
"9311",4,22,1,4,5512870,5513078,230.8,571.5,9,208,74,1,2,16,1,68,1,0,"not",1,62,0,0,0,0,0,1,3306,36,1,"accurate"
"11274",4,34,1,5,5524729,5524906,456.5,565.3,11,177,72,1,2,14,2,71,5,0,"were",1,59,0,0,0,0,0,1,3898,55,1,"undersweep"
"9313",4,92,2,6,5537154,5537283,235.6,555.9,9,129,74,1,2,12,1,70,3,0,"the",3,61,0,0,0,0,0,1,3499,51,1,"undersweep"
"7352",4,91,1,7,5544405,5544687,381.8,591.9,7,282,59,1,2,12,2,56,3,0,"she",0,43,0,0,0,0,0,1,2425,42,1,"accurate"
"9315",4,35,2,8,5550710,5550879,411.8,590.5,9,169,61,1,2,11,1,58,4,0,"jumped",4,46,0,0,0,0,0,1,2497,51,1,"undersweep"
"9316",4,6,3,9,5560598,5560686,439.2,559.7,9,88,70,1,2,12,1,72,6,0,"because",6,58,0,0,1,0,0,1,2686,53,1,"accurate"
"9317",4,55,1,10,5570040,5570316,271.6,573.4,9,276,59,1,2,9,2,58,5,0,"was",1,43,0,0,0,0,0,1,2711,42,1,"accurate"
"7356",4,3,3,11,5576618,5576869,321.1,592.2,7,251,60,1,2,12,1,59,4,0,"music",4,44,0,0,0,0,0,1,1923,49,1,"accurate"
"7357",4,96,3,12,5585349,5585573,316,589.3,7,224,69,1,2,13,2,71,5,0,"the",2,54,0,0,0,0,0,1,2296,45,1,"accurate"
"11282",4,68,2,13,5594350,5594519,462.3,604.4,11,169,67,1,2,16,3,73,8,0,"designed",0,57,0,0,0,0,0,1,2847,46,1,"undersweep"
"8345",4,16,1,14,5600735,5601027,357.7,573.3,8,292,72,1,2,15,2,73,6,0,"probably",2,54,0,0,0,0,0,1,2591,75,1,"accurate"
"9322",4,69,3,15,5610481,5610742,455.7,586.3,9,261,62,1,2,14,2,60,6,0,"he",0,44,0,0,0,0,0,1,2704,63,1,"accurate"
"8347",4,11,2,16,5617612,5617804,283,562.2,8,192,60,1,2,13,1,58,4,0,"even",4,44,0,0,0,0,0,1,2435,34,1,"undersweep"
"7362",4,101,2,17,5625951,5626137,296.6,582.7,7,186,59,1,2,9,1,56,4,0,"looking",4,44,0,0,0,0,0,1,1658,51,1,"undersweep"
"7363",4,54,3,18,5633210,5633540,282.1,587.9,7,330,69,1,2,12,1,71,5,0,"party",5,54,0,0,0,0,0,1,2208,42,1,"accurate"
"7364",4,105,3,19,5639928,5640207,269.4,585.3,7,279,64,1,2,9,1,58,4,0,"underneath",4,47,0,0,0,0,0,1,1785,51,1,"accurate"
"8351",4,30,3,20,5646226,5646247,486,605.5,8,21,405,1,2,14,2,76,9,0,"the",2,55,0,1,0,0,0,1,2708,40,1,"accurate"
"9328",4,45,3,21,5654291,5654487,363.1,597.5,9,196,64,1,2,11,2,58,4,0,"preparation",1,44,0,0,0,0,0,1,2524,35,1,"accurate"
"6370",4,77,2,22,5659376,5659540,385.8,588.1,6,164,59,2,2,8,1,59,6,0,"because",6,44,0,0,0,0,0,1,2209,47,1,"undersweep"
"7368",4,60,3,23,5664716,5664984,272.6,578,7,268,68,1,2,12,1,70,4,0,"piano",4,52,0,0,0,0,0,1,1966,38,1,"accurate"
"9331",4,74,2,24,5670702,5670818,465.5,572.3,9,116,66,1,2,13,3,74,8,0,"round",2,52,0,0,0,0,0,1,2452,54,1,"undersweep"
"9332",4,78,3,25,5679220,5679402,412.6,571.9,9,182,73,1,2,14,2,74,7,0,"in",0,NA,0,0,0,0,0,1,3712,65,1,"undersweep"
"7371",4,72,3,26,5686876,5687021,345.4,612.1,7,145,230,1,2,12,1,71,6,0,"fluently,",6,58,0,1,0,0,0,1,2793,87,1,"undersweep"
"8358",4,62,2,27,5694610,5694791,387.7,597,8,181,68,1,2,13,2,72,7,0,"she",2,55,0,0,0,0,0,1,1961,37,1,"undersweep"
"9335",4,70,1,28,5699936,5700198,343.6,591,9,262,73,1,2,13,2,70,5,0,"our",0,58,0,0,0,0,0,1,2145,62,1,"undersweep"
"5377",4,51,3,29,5706095,5706320,257.7,566.4,5,225,61,1,2,13,2,59,4,0,"so",1,45,0,0,0,0,0,1,2005,63,1,"accurate"
"7375",4,33,3,30,5712063,5712419,313.5,577.9,7,356,62,1,2,11,2,59,6,0,"in",1,43,0,0,0,0,0,1,1864,45,1,"accurate"
"6379",4,7,1,31,5719754,5719948,288.3,581,6,194,58,1,2,13,2,59,5,0,"small",3,43,0,0,0,0,0,1,2114,40,1,"undersweep"
"8363",4,86,2,32,5732160,5732292,298.8,566.3,8,132,70,1,2,15,2,70,5,0,"stars",1,55,0,0,0,0,0,1,3653,43,1,"undersweep"
"6381",4,103,1,33,5738031,5738297,289.4,597.6,6,266,61,1,2,9,1,58,4,0,"because",4,44,0,0,0,0,0,1,1992,57,1,"accurate"
"11303",4,38,2,34,5744485,5744676,390,572.2,11,191,66,1,2,18,3,75,9,0,"park",2,49,0,0,0,0,0,1,2779,49,1,"undersweep"
"8366",4,100,1,35,5753450,5753775,274,571.5,8,325,68,1,2,12,1,72,6,0,"served",6,52,0,0,0,0,0,1,2620,52,1,"accurate"
"10326",4,58,1,36,5761192,5761535,447,608.2,10,343,76,1,2,13,2,71,6,0,"look",1,58,0,0,0,0,0,1,4445,45,1,"accurate"
"8368",4,76,1,37,5766708,5766946,436.9,611.4,8,238,71,1,2,12,2,70,4,0,"the",1,59,0,0,0,0,0,1,2253,36,1,"accurate"
"8369",4,81,3,38,5772398,5772643,344.8,608.4,8,245,62,1,2,10,1,58,4,0,"that",4,46,0,0,0,0,0,1,2376,49,1,"accurate"
"6387",4,89,2,39,5778085,5778382,301,580,6,297,67,1,2,11,1,54,1,0,"the",1,47,0,0,0,0,0,1,2022,39,1,"accurate"
"6388",4,42,3,40,5783763,5784080,367.4,593.5,6,317,66,1,2,15,2,73,8,0,"on",0,54,0,0,0,0,0,1,2025,41,1,"accurate"
"6389",4,28,1,41,5792506,5792707,478.3,601.5,6,201,64,1,2,12,1,73,8,0,"overseas,",8,49,0,0,0,0,0,1,2185,70,1,"undersweep"
"6390",4,17,2,42,5804266,5804631,311.2,587.9,6,365,63,1,2,11,1,57,3,0,"had",3,45,0,0,0,0,0,1,2162,61,1,"accurate"
"7388",4,41,2,43,5813905,5814074,208.7,584.8,7,169,224,NA,2,NA,NA,NA,NA,NA,NA,NA,NA,0,1,0,0,1,1,2727,42,1,"undersweep"
"8375",4,47,2,44,5825081,5825257,435.9,575.7,8,176,66,1,2,12,2,61,7,0,"good",4,39,0,0,0,0,0,1,5278,44,1,"undersweep"
"8376",4,98,2,45,5831466,5831643,346.1,596.9,8,177,78,1,2,13,1,73,6,0,"playing",6,59,0,0,0,0,0,1,3105,36,1,"undersweep"
"8377",4,80,2,46,5837701,5837870,307.6,592.1,8,169,74,1,2,16,1,72,5,0,"inside",5,60,0,0,0,0,0,1,2623,57,1,"undersweep"
"8378",4,14,2,47,5843640,5843753,381.7,599.8,8,113,68,1,2,15,3,73,8,0,"been",0,52,0,0,0,0,0,1,2329,56,1,"undersweep"
"8379",4,46,1,48,5852779,5853034,262.5,593.9,8,255,104,1,2,14,2,70,4,0,"protect",0,56,0,1,0,0,0,1,2744,51,1,"accurate"
"8380",4,56,2,49,5858549,5858739,286.3,584.6,8,190,72,1,2,12,1,71,5,0,"pulled",5,56,0,0,0,0,0,1,2231,35,1,"undersweep"
"6398",4,63,3,50,5911166,5911441,439.4,598.8,6,275,55,1,2,11,1,58,4,0,"their",4,41,0,0,0,0,0,1,2066,60,1,"accurate"
"12298",4,104,2,51,5918604,5918738,441.4,570.2,12,134,68,1,2,13,1,68,4,0,"officials",4,54,0,0,0,0,0,1,3287,52,1,"undersweep"
"7397",4,93,3,52,5925566,5925739,319,566.4,7,173,135,1,2,12,1,54,1,0,"who",1,47,0,1,0,0,0,1,2275,43,1,"accurate"
"7398",4,8,2,53,5931450,5931621,309.3,587.2,7,171,66,1,2,16,2,73,8,0,"a",0,50,0,0,0,0,0,1,2168,73,1,"undersweep"
"10344",4,67,1,54,5941104,5941370,296.9,602.1,10,266,63,1,2,11,1,59,4,0,"that",4,46,0,0,0,0,0,1,2939,49,1,"accurate"
"8386",4,84,3,55,5946747,5947014,293.5,593.7,8,267,73,1,2,14,1,68,2,0,"of",2,59,0,0,0,0,0,1,2124,85,1,"accurate"
"8387",4,90,3,56,5952341,5952605,397.5,587.4,8,264,72,1,2,11,1,68,3,0,"about",3,56,0,0,0,0,0,1,1910,53,1,"accurate"
"6405",4,97,1,57,5957353,5957619,265.8,586.4,6,266,61,1,2,12,2,60,5,0,"was",1,41,0,0,0,0,0,1,1647,47,1,"accurate"
"6406",4,83,2,58,5962426,5962598,233,559.1,6,172,60,1,2,12,1,55,2,0,"his",2,45,0,0,0,0,0,1,1620,36,1,"undersweep"
"5407",4,59,2,59,5967049,5967276,256.8,579.6,5,227,55,1,2,11,1,57,2,0,"with",2,41,0,0,0,0,0,1,1784,39,1,"undersweep"
"6408",4,79,1,60,5972224,5972447,330.4,582.7,6,223,60,1,2,10,1,55,1,0,"the",1,47,0,0,0,0,0,1,1851,40,1,"accurate"
"7406",4,5,2,61,5977340,5977538,367.2,585.8,7,198,62,1,2,11,1,57,2,0,"where",2,46,0,0,0,0,0,1,1934,47,1,"undersweep"
"8393",4,48,3,62,5985393,5985691,360.8,603,8,298,71,1,2,16,1,69,3,0,"that",3,56,0,0,0,0,0,1,2171,54,1,"accurate"
"7408",4,53,2,63,5993782,5993929,344,554,7,147,56,1,2,13,2,60,5,0,"after",0,40,0,0,0,0,0,1,2127,43,1,"undersweep"
"7409",4,29,2,64,5999370,5999709,301.3,576.4,7,339,65,NA,2,NA,NA,NA,NA,NA,NA,NA,NA,0,0,0,0,1,1,1840,68,1,"accurate"
"7410",4,21,3,65,6008146,6008400,252.6,575.3,7,254,66,NA,2,NA,NA,NA,NA,NA,NA,NA,NA,0,0,0,0,1,1,2191,39,1,"accurate"
"7411",4,25,1,66,6017755,6018223,396.9,588.8,7,468,62,1,2,12,2,58,4,0,"claimed",0,47,0,0,0,0,0,1,2134,45,1,"undersweep"
"9374",4,52,1,67,6026132,6026446,279.2,569,9,314,71,1,2,15,2,70,4,0,"huge",2,57,0,0,0,0,0,1,2394,68,1,"accurate"
"8399",4,37,1,68,6031568,6031838,347.7,575.7,8,270,64,1,2,11,1,56,1,0,"could",1,49,0,0,0,0,0,1,1923,49,1,"accurate"
"7414",4,64,1,69,6039549,6039747,273.5,588.1,7,198,69,1,2,11,1,68,3,0,"after",3,55,0,0,0,0,0,1,2254,66,1,"undersweep"
"7415",4,31,1,70,6045892,6046159,323.9,601.6,7,267,57,1,2,12,2,57,4,0,"was",1,39,0,0,0,0,0,1,2005,69,1,"accurate"
"7416",4,49,1,71,6054816,6055053,365.4,584.9,7,237,59,1,2,12,2,58,4,0,"her",0,44,0,0,0,0,0,1,2230,45,1,"accurate"
"7417",4,27,3,72,6059929,6060206,399,578.9,7,277,67,1,2,11,1,59,4,0,"restaurant",4,47,0,0,0,0,0,1,2018,63,1,"accurate"
"7418",4,61,1,73,6068122,6068441,261.5,579.8,7,319,60,1,2,12,1,57,4,0,"shortly",4,43,0,0,0,0,0,1,2528,44,1,"accurate"
"10362",4,88,1,74,6075799,6076124,413.9,582.5,10,325,67,1,2,12,1,68,3,0,"hope",3,55,0,0,0,0,0,1,4330,56,1,"accurate"
"10363",4,50,2,75,6083540,6083723,391.4,597.7,10,183,76,1,2,14,1,70,3,0,"year",3,60,0,0,0,0,0,1,2688,59,1,"undersweep"
"9383",4,87,3,76,6090668,6090934,317.4,592.1,9,266,64,1,2,9,1,55,2,0,"piano",2,47,0,0,0,0,0,1,2691,39,1,"accurate"
"8408",4,26,2,77,6095533,6095557,311.3,562.6,8,24,70,1,2,14,1,67,2,0,"until",2,56,0,0,1,0,0,1,1965,52,1,"undersweep"
"7423",4,43,1,78,6104031,6104310,332.5,585,7,279,61,1,2,14,2,58,4,0,"gentle",0,44,0,0,0,0,0,1,2038,35,1,"accurate"
"8410",4,94,1,79,6109853,6110151,291.1,576.8,8,298,71,1,2,15,2,68,3,0,"running",0,55,0,0,0,0,0,1,1885,50,1,"accurate"
"6428",4,19,1,80,6115996,6116254,342.8,589,6,258,60,1,2,13,2,58,4,0,"forgotten",0,41,0,0,0,0,0,1,2203,43,1,"accurate"
"8412",4,102,3,81,6124610,6124727,415,575.4,8,117,63,1,2,13,2,73,9,0,"in",0,47,0,0,0,0,0,1,1976,44,1,"undersweep"
"8413",4,44,2,82,6130130,6130307,403.6,588.9,8,177,75,1,2,14,1,71,4,0,"though",4,58,0,0,0,0,0,1,2388,37,1,"undersweep"
"12323",4,15,3,83,6136521,6136780,402.3,591.3,12,259,64,1,2,14,2,57,4,0,"wallet",0,43,0,0,1,0,0,1,3113,47,1,"accurate"
"8415",4,73,1,84,6144990,6145531,389.8,595.9,8,541,66,1,2,12,2,60,5,0,"family",1,46,0,0,0,0,0,1,2273,62,1,"accurate"
"6433",4,1,1,85,6151446,6151719,267.9,602.9,6,273,67,NA,2,NA,NA,NA,NA,NA,NA,NA,NA,0,0,0,0,1,1,2613,63,1,"accurate"
"7431",4,36,3,86,6160082,6160736,432.5,587.8,7,654,68,1,2,14,1,71,6,0,"overlooking",6,50,0,0,0,0,0,1,2049,52,1,"accurate"
"12326",4,82,1,87,6171003,6171154,386.1,587.1,12,151,70,1,2,13,2,74,7,0,"come",4,58,0,1,0,0,0,1,3229,42,1,"undersweep"
"8419",4,71,2,88,6176218,6176418,275.8,570.7,8,200,66,1,2,11,1,55,1,0,"who",1,49,0,0,0,0,0,1,1845,44,1,"undersweep"
"7434",4,23,2,89,6181330,6181518,431.7,600,7,188,63,1,2,14,2,58,4,0,"met",1,47,0,0,0,0,0,1,2040,46,1,"undersweep"
"7435",4,65,2,90,6193287,6193439,434,587.5,7,152,60,1,2,12,2,60,5,0,"charity",1,44,0,0,0,0,0,1,6005,57,1,"undersweep"
"8422",4,2,2,91,6199651,6199859,367.9,584.9,8,208,74,1,2,14,2,72,5,0,"was",1,59,0,0,0,0,0,1,2695,42,1,"undersweep"
"9399",4,4,1,92,6209967,6210185,381.8,586.6,9,218,76,1,2,14,2,72,5,0,"they",2,58,0,0,0,0,0,1,2628,40,1,"undersweep"
"11412",4,18,3,93,6220593,6220883,380.5,599.9,11,290,73,1,2,17,2,70,5,0,"headed",1,57,0,0,0,0,0,1,2654,47,1,"accurate"
"9401",4,85,1,94,6229874,6230225,294.2,606.5,9,351,61,1,2,10,1,59,5,0,"people",5,43,0,0,0,0,0,1,2644,59,1,"accurate"
"7440",4,75,3,95,6235345,6235674,300.9,577.5,7,329,61,1,2,11,1,59,4,0,"during",4,43,0,0,0,0,0,1,1882,67,1,"accurate"
"8427",4,24,3,96,6242201,6242449,355.9,592.9,8,248,72,1,2,14,2,70,5,0,"disappointed",0,57,0,0,0,0,0,1,2313,71,1,"accurate"
"7442",4,95,2,97,6251209,6251395,262.4,561.6,7,186,65,1,2,9,1,56,2,0,"at",2,49,0,0,0,0,0,1,2363,39,1,"undersweep"
"7443",4,39,3,98,6257013,6257252,379.1,589.6,7,239,61,1,2,12,1,55,1,0,"money",1,48,0,0,0,0,0,1,2034,45,1,"accurate"
"13297",4,13,1,99,6269336,6269623,226.1,569.1,13,287,65,NA,2,NA,NA,NA,NA,NA,NA,NA,NA,0,0,0,0,1,1,3849,46,1,"accurate"
"7445",4,9,3,100,6276703,6276931,280.9,591.9,7,228,60,1,2,11,1,56,3,0,"dogs",3,44,0,0,0,0,0,1,1550,39,1,"accurate"
"11427",4,66,3,101,6285926,6286173,262.2,566.1,11,247,73,1,2,12,1,69,3,0,"only",3,59,0,0,0,0,0,1,2856,66,1,"accurate"
"9409",4,20,2,102,6292407,6292581,258.1,560.8,9,174,77,1,2,11,1,68,2,0,"led",2,61,0,0,0,0,0,1,2404,37,1,"undersweep"
"7448",4,57,3,103,6300304,6300538,289.4,599,7,234,67,1,2,10,1,54,1,0,"during",1,46,0,0,0,0,0,1,2051,37,1,"accurate"
"8435",4,10,1,104,6306244,6306438,301.5,566.4,8,194,73,1,2,14,1,70,4,0,"near",4,53,0,0,0,0,0,1,2950,45,1,"undersweep"
"7450",4,12,3,105,6316399,6316652,449.8,575.6,7,253,68,1,2,16,2,71,6,0,"indoors",1,52,0,0,0,0,0,1,2413,46,1,"accurate"
